--------------------------------------------------------
--  File created - пятница-апреля-22-2022   
--------------------------------------------------------
--------------------------------------------------------
--  DDL for Table ITEMCATEGORY
--------------------------------------------------------

  CREATE TABLE "SYSTEM"."ITEMCATEGORY" 
   (	"ID_CATEGORY" NUMBER(*,0), 
	"NAME" VARCHAR2(20 BYTE)
   ) PCTFREE 10 PCTUSED 40 INITRANS 1 MAXTRANS 255 NOCOMPRESS LOGGING
  STORAGE(INITIAL 65536 NEXT 1048576 MINEXTENTS 1 MAXEXTENTS 2147483645
  PCTINCREASE 0 FREELISTS 1 FREELIST GROUPS 1 BUFFER_POOL DEFAULT FLASH_CACHE DEFAULT CELL_FLASH_CACHE DEFAULT)
  TABLESPACE "SYSTEM" ;
--------------------------------------------------------
--  DDL for Table ITEMS
--------------------------------------------------------

  CREATE TABLE "SYSTEM"."ITEMS" 
   (	"ID_ITEM" NUMBER(*,0), 
	"DESCRIPTION" VARCHAR2(70 BYTE), 
	"CATEGORY" NUMBER(*,0), 
	"INSTALLATION_DATE" DATE, 
	"SALE_DATE" DATE, 
	"OWNER" NUMBER(*,0), 
	"START_PRICE" NUMBER(9,2), 
	"CURRENT_PRICE" NUMBER(9,2), 
	"PRICE_INCREASE_STEP" NUMBER(9,2), 
	"CHECKED" NUMBER(*,0), 
	"ACTIVE" NUMBER(*,0)
   ) PCTFREE 10 PCTUSED 40 INITRANS 1 MAXTRANS 255 NOCOMPRESS LOGGING
  STORAGE(INITIAL 65536 NEXT 1048576 MINEXTENTS 1 MAXEXTENTS 2147483645
  PCTINCREASE 0 FREELISTS 1 FREELIST GROUPS 1 BUFFER_POOL DEFAULT FLASH_CACHE DEFAULT CELL_FLASH_CACHE DEFAULT)
  TABLESPACE "SYSTEM" ;
--------------------------------------------------------
--  DDL for Table USERS
--------------------------------------------------------

  CREATE TABLE "SYSTEM"."USERS" 
   (	"ID_USER" NUMBER(*,0), 
	"USER_TYPES" NUMBER(*,0), 
	"LOGIN" VARCHAR2(20 BYTE), 
	"PASSWORD" VARCHAR2(30 BYTE), 
	"NAME" VARCHAR2(100 BYTE), 
	"ACCOUNT" NUMBER(9,2), 
	"LOCKED" NUMBER(*,0), 
	"ACTIVE" NUMBER(*,0)
   ) PCTFREE 10 PCTUSED 40 INITRANS 1 MAXTRANS 255 NOCOMPRESS LOGGING
  STORAGE(INITIAL 65536 NEXT 1048576 MINEXTENTS 1 MAXEXTENTS 2147483645
  PCTINCREASE 0 FREELISTS 1 FREELIST GROUPS 1 BUFFER_POOL DEFAULT FLASH_CACHE DEFAULT CELL_FLASH_CACHE DEFAULT)
  TABLESPACE "SYSTEM" ;
--------------------------------------------------------
--  DDL for Table USERSACTIONS
--------------------------------------------------------

  CREATE TABLE "SYSTEM"."USERSACTIONS" 
   (	"ID_ACTION" NUMBER(*,0), 
	"USER_ID" NUMBER(*,0), 
	"ITEM" NUMBER(*,0), 
	"ACTION_DATE" DATE
   ) PCTFREE 10 PCTUSED 40 INITRANS 1 MAXTRANS 255 NOCOMPRESS LOGGING
  STORAGE(INITIAL 65536 NEXT 1048576 MINEXTENTS 1 MAXEXTENTS 2147483645
  PCTINCREASE 0 FREELISTS 1 FREELIST GROUPS 1 BUFFER_POOL DEFAULT FLASH_CACHE DEFAULT CELL_FLASH_CACHE DEFAULT)
  TABLESPACE "SYSTEM" ;
--------------------------------------------------------
--  DDL for Table USERTYPES
--------------------------------------------------------

  CREATE TABLE "SYSTEM"."USERTYPES" 
   (	"ID_TYPE" NUMBER(*,0), 
	"TYPE_NAME" VARCHAR2(20 BYTE)
   ) PCTFREE 10 PCTUSED 40 INITRANS 1 MAXTRANS 255 NOCOMPRESS LOGGING
  STORAGE(INITIAL 65536 NEXT 1048576 MINEXTENTS 1 MAXEXTENTS 2147483645
  PCTINCREASE 0 FREELISTS 1 FREELIST GROUPS 1 BUFFER_POOL DEFAULT FLASH_CACHE DEFAULT CELL_FLASH_CACHE DEFAULT)
  TABLESPACE "SYSTEM" ;
REM INSERTING into SYSTEM.ITEMCATEGORY
SET DEFINE OFF;
Insert into SYSTEM.ITEMCATEGORY (ID_CATEGORY,NAME) values ('1','Collecting');
Insert into SYSTEM.ITEMCATEGORY (ID_CATEGORY,NAME) values ('2','Art and Antiques');
Insert into SYSTEM.ITEMCATEGORY (ID_CATEGORY,NAME) values ('3','Books');
Insert into SYSTEM.ITEMCATEGORY (ID_CATEGORY,NAME) values ('4','Vintage and retro');
Insert into SYSTEM.ITEMCATEGORY (ID_CATEGORY,NAME) values ('5','Fashion and beauty');
Insert into SYSTEM.ITEMCATEGORY (ID_CATEGORY,NAME) values ('6','Music and films');

REM INSERTING into SYSTEM.ITEMS
SET DEFINE OFF;
Insert into SYSTEM.ITEMS (ID_ITEM,DESCRIPTION,CATEGORY,INSTALLATION_DATE,SALE_DATE,OWNER,START_PRICE,CURRENT_PRICE,PRICE_INCREASE_STEP,CHECKED,ACTIVE) values ('1','TOM and JERRY full set','1',to_date('28.02.20','DD.MM.RR'),to_date('30.03.20','DD.MM.RR'),'1','10000','10200','100','1','1');
Insert into SYSTEM.ITEMS (ID_ITEM,DESCRIPTION,CATEGORY,INSTALLATION_DATE,SALE_DATE,OWNER,START_PRICE,CURRENT_PRICE,PRICE_INCREASE_STEP,CHECKED,ACTIVE) values ('2','2 rubles Botvinnik silver','1',to_date('28.05.20','DD.MM.RR'),to_date('30.06.20','DD.MM.RR'),'1','80000','103000','1000','1','0');
Insert into SYSTEM.ITEMS (ID_ITEM,DESCRIPTION,CATEGORY,INSTALLATION_DATE,SALE_DATE,OWNER,START_PRICE,CURRENT_PRICE,PRICE_INCREASE_STEP,CHECKED,ACTIVE) values ('3','Dutch landscape','2',to_date('28.02.20','DD.MM.RR'),to_date('30.03.20','DD.MM.RR'),'1','100000','140000','2000','1','1');
Insert into SYSTEM.ITEMS (ID_ITEM,DESCRIPTION,CATEGORY,INSTALLATION_DATE,SALE_DATE,OWNER,START_PRICE,CURRENT_PRICE,PRICE_INCREASE_STEP,CHECKED,ACTIVE) values ('4','ANCIENT BOOK - CLOCKMAKER! WITH A LOCK! SCREENSAVERS! MORE THAN 500 PAGES! WATER MARKS! RARITY!','3',to_date('29.12.21','DD.MM.RR'),to_date('30.01.22','DD.MM.RR'),'7','100000','102000,02','1000,01','1','1');
Insert into SYSTEM.ITEMS (ID_ITEM,DESCRIPTION,CATEGORY,INSTALLATION_DATE,SALE_DATE,OWNER,START_PRICE,CURRENT_PRICE,PRICE_INCREASE_STEP,CHECKED,ACTIVE) values ('5','Pflug-Hartung. The World History. In six parts, volumes 1-6.1910-1912','3',to_date('29.12.21','DD.MM.RR'),null,'7','5000',null,null,'0','0');
Insert into SYSTEM.ITEMS (ID_ITEM,DESCRIPTION,CATEGORY,INSTALLATION_DATE,SALE_DATE,OWNER,START_PRICE,CURRENT_PRICE,PRICE_INCREASE_STEP,CHECKED,ACTIVE) values ('6','BROOCH VINTAGE','4',to_date('07.01.22','DD.MM.RR'),null,'7','20',null,null,'0','0');
Insert into SYSTEM.ITEMS (ID_ITEM,DESCRIPTION,CATEGORY,INSTALLATION_DATE,SALE_DATE,OWNER,START_PRICE,CURRENT_PRICE,PRICE_INCREASE_STEP,CHECKED,ACTIVE) values ('7','CUFFLINKS OLYMPIAD 80 BEAR OLYMPIC ENAMEL USSR',null,to_date('08.01.22','DD.MM.RR'),null,'7','100',null,null,'0','0');
Insert into SYSTEM.ITEMS (ID_ITEM,DESCRIPTION,CATEGORY,INSTALLATION_DATE,SALE_DATE,OWNER,START_PRICE,CURRENT_PRICE,PRICE_INCREASE_STEP,CHECKED,ACTIVE) values ('8','Faberge cigarette case',5,to_date('08.01.22','DD.MM.RR'),null,'7','2000',null,null,'0','0');
Insert into SYSTEM.ITEMS (ID_ITEM,DESCRIPTION,CATEGORY,INSTALLATION_DATE,SALE_DATE,OWNER,START_PRICE,CURRENT_PRICE,PRICE_INCREASE_STEP,CHECKED,ACTIVE) values ('9','The Motown 7s Box - Rare And Unreleased Vinyl','6',to_date('08.01.22','DD.MM.RR'),to_date('30.01.22','DD.MM.RR'),'7','3000',null,'100','1','0');
Insert into SYSTEM.ITEMS (ID_ITEM,DESCRIPTION,CATEGORY,INSTALLATION_DATE,SALE_DATE,OWNER,START_PRICE,CURRENT_PRICE,PRICE_INCREASE_STEP,CHECKED,ACTIVE) values ('10','Shocking Blue "Shocking Blue" 2005 CD Japan','6',to_date('10.01.22','DD.MM.RR'),to_date('30.01.22','DD.MM.RR'),'8','1000','2000','100','1','1');
Insert into SYSTEM.ITEMS (ID_ITEM,DESCRIPTION,CATEGORY,INSTALLATION_DATE,SALE_DATE,OWNER,START_PRICE,CURRENT_PRICE,PRICE_INCREASE_STEP,CHECKED,ACTIVE) values ('11','BI-2 - IGNITE dir. Igor Kalenov Sergey Selyanov VHS Person NIKOLA FILM PRIME VIDEO FILM 2000','6',to_date('10.01.22','DD.MM.RR'),to_date('30.01.22','DD.MM.RR'),'8','3000','3030','10','1','1');
REM INSERTING into SYSTEM.USERS
SET DEFINE OFF;
Insert into SYSTEM.USERS (ID_USER,USER_TYPES,LOGIN,PASSWORD,NAME,ACCOUNT,LOCKED,ACTIVE) values ('1','1','berserk1989@gmail','bloody_behelite','Kentaro Miura','500000','0','0');
Insert into SYSTEM.USERS (ID_USER,USER_TYPES,LOGIN,PASSWORD,NAME,ACCOUNT,LOCKED,ACTIVE) values ('2','2','kowboybebob1998@gm','1maerdtasuj1','Shinichiro Watanabe','250000','0','0');
Insert into SYSTEM.USERS (ID_USER,USER_TYPES,LOGIN,PASSWORD,NAME,ACCOUNT,LOCKED,ACTIVE) values ('3','2','whitewolf2003@gmail','9niarflow9','Wolfgang Amadeus Mozart','2500000','0','0');
Insert into SYSTEM.USERS (ID_USER,USER_TYPES,LOGIN,PASSWORD,NAME,ACCOUNT,LOCKED,ACTIVE) values ('4','2','jamesbond7@gmail','070007700070','James Bond','0','1','0');
Insert into SYSTEM.USERS (ID_USER,USER_TYPES,LOGIN,PASSWORD,NAME,ACCOUNT,LOCKED,ACTIVE) values ('5','1','admin','admin','ADMIN','0','0','0');
Insert into SYSTEM.USERS (ID_USER,USER_TYPES,LOGIN,PASSWORD,NAME,ACCOUNT,LOCKED,ACTIVE) values ('6','2','moderator','moderator','MODERATOR','0','1','0');
Insert into SYSTEM.USERS (ID_USER,USER_TYPES,LOGIN,PASSWORD,NAME,ACCOUNT,LOCKED,ACTIVE) values ('7','3','user','user','USER','0','0','0');
REM INSERTING into SYSTEM.USERSACTIONS
SET DEFINE OFF;
Insert into SYSTEM.USERSACTIONS (ID_ACTION,USER_ID,ITEM,ACTION_DATE) values ('1','7','3',to_date('29.03.20','DD.MM.RR'));
Insert into SYSTEM.USERSACTIONS (ID_ACTION,USER_ID,ITEM,ACTION_DATE) values ('2','7','3',to_date('29.12.21','DD.MM.RR'));
Insert into SYSTEM.USERSACTIONS (ID_ACTION,USER_ID,ITEM,ACTION_DATE) values ('3','7','2',to_date('29.12.21','DD.MM.RR'));
Insert into SYSTEM.USERSACTIONS (ID_ACTION,USER_ID,ITEM,ACTION_DATE) values ('4','7','2',to_date('29.12.21','DD.MM.RR'));
Insert into SYSTEM.USERSACTIONS (ID_ACTION,USER_ID,ITEM,ACTION_DATE) values ('5','7','3',to_date('29.12.21','DD.MM.RR'));
Insert into SYSTEM.USERSACTIONS (ID_ACTION,USER_ID,ITEM,ACTION_DATE) values ('6','7','3',to_date('29.12.21','DD.MM.RR'));
Insert into SYSTEM.USERSACTIONS (ID_ACTION,USER_ID,ITEM,ACTION_DATE) values ('7','7','3',to_date('29.12.21','DD.MM.RR'));
Insert into SYSTEM.USERSACTIONS (ID_ACTION,USER_ID,ITEM,ACTION_DATE) values ('8','7','3',to_date('29.12.21','DD.MM.RR'));
Insert into SYSTEM.USERSACTIONS (ID_ACTION,USER_ID,ITEM,ACTION_DATE) values ('9','7','1',to_date('07.01.22','DD.MM.RR'));
Insert into SYSTEM.USERSACTIONS (ID_ACTION,USER_ID,ITEM,ACTION_DATE) values ('10','7','1',to_date('07.01.22','DD.MM.RR'));
Insert into SYSTEM.USERSACTIONS (ID_ACTION,USER_ID,ITEM,ACTION_DATE) values ('11','7','2',to_date('07.01.22','DD.MM.RR'));
Insert into SYSTEM.USERSACTIONS (ID_ACTION,USER_ID,ITEM,ACTION_DATE) values ('12','7','3',to_date('07.01.22','DD.MM.RR'));
Insert into SYSTEM.USERSACTIONS (ID_ACTION,USER_ID,ITEM,ACTION_DATE) values ('13','7','10',to_date('10.01.22','DD.MM.RR'));
Insert into SYSTEM.USERSACTIONS (ID_ACTION,USER_ID,ITEM,ACTION_DATE) values ('14','7','10',to_date('10.01.22','DD.MM.RR'));
Insert into SYSTEM.USERSACTIONS (ID_ACTION,USER_ID,ITEM,ACTION_DATE) values ('15','7','10',to_date('10.01.22','DD.MM.RR'));
Insert into SYSTEM.USERSACTIONS (ID_ACTION,USER_ID,ITEM,ACTION_DATE) values ('16','7','10',to_date('10.01.22','DD.MM.RR'));
Insert into SYSTEM.USERSACTIONS (ID_ACTION,USER_ID,ITEM,ACTION_DATE) values ('17','7','10',to_date('10.01.22','DD.MM.RR'));
Insert into SYSTEM.USERSACTIONS (ID_ACTION,USER_ID,ITEM,ACTION_DATE) values ('18','7','10',to_date('10.01.22','DD.MM.RR'));
Insert into SYSTEM.USERSACTIONS (ID_ACTION,USER_ID,ITEM,ACTION_DATE) values ('19','7','10',to_date('10.01.22','DD.MM.RR'));
Insert into SYSTEM.USERSACTIONS (ID_ACTION,USER_ID,ITEM,ACTION_DATE) values ('20','7','10',to_date('10.01.22','DD.MM.RR'));
Insert into SYSTEM.USERSACTIONS (ID_ACTION,USER_ID,ITEM,ACTION_DATE) values ('21','7','10',to_date('10.01.22','DD.MM.RR'));
Insert into SYSTEM.USERSACTIONS (ID_ACTION,USER_ID,ITEM,ACTION_DATE) values ('22','7','10',to_date('10.01.22','DD.MM.RR'));
Insert into SYSTEM.USERSACTIONS (ID_ACTION,USER_ID,ITEM,ACTION_DATE) values ('23','7','10',to_date('10.01.22','DD.MM.RR'));
Insert into SYSTEM.USERSACTIONS (ID_ACTION,USER_ID,ITEM,ACTION_DATE) values ('24','7','10',to_date('10.01.22','DD.MM.RR'));
Insert into SYSTEM.USERSACTIONS (ID_ACTION,USER_ID,ITEM,ACTION_DATE) values ('25','7','11',to_date('10.01.22','DD.MM.RR'));
Insert into SYSTEM.USERSACTIONS (ID_ACTION,USER_ID,ITEM,ACTION_DATE) values ('26','7','11',to_date('10.01.22','DD.MM.RR'));
Insert into SYSTEM.USERSACTIONS (ID_ACTION,USER_ID,ITEM,ACTION_DATE) values ('27','7','11',to_date('10.01.22','DD.MM.RR'));
Insert into SYSTEM.USERSACTIONS (ID_ACTION,USER_ID,ITEM,ACTION_DATE) values ('28','7','10',to_date('10.01.22','DD.MM.RR'));
Insert into SYSTEM.USERSACTIONS (ID_ACTION,USER_ID,ITEM,ACTION_DATE) values ('29','7','10',to_date('10.01.22','DD.MM.RR'));
Insert into SYSTEM.USERSACTIONS (ID_ACTION,USER_ID,ITEM,ACTION_DATE) values ('30','8','4',to_date('10.01.22','DD.MM.RR'));
Insert into SYSTEM.USERSACTIONS (ID_ACTION,USER_ID,ITEM,ACTION_DATE) values ('31','8','4',to_date('10.01.22','DD.MM.RR'));
REM INSERTING into SYSTEM.USERTYPES
SET DEFINE OFF;
Insert into SYSTEM.USERTYPES (ID_TYPE,TYPE_NAME) values ('1','Admin');
Insert into SYSTEM.USERTYPES (ID_TYPE,TYPE_NAME) values ('2','Moderator');
Insert into SYSTEM.USERTYPES (ID_TYPE,TYPE_NAME) values ('3','User');
--------------------------------------------------------
--  DDL for Index ID_CATEGORY_PK
--------------------------------------------------------

  CREATE UNIQUE INDEX "SYSTEM"."ID_CATEGORY_PK" ON "SYSTEM"."ITEMCATEGORY" ("ID_CATEGORY") 
  PCTFREE 10 INITRANS 2 MAXTRANS 255 COMPUTE STATISTICS 
  STORAGE(INITIAL 65536 NEXT 1048576 MINEXTENTS 1 MAXEXTENTS 2147483645
  PCTINCREASE 0 FREELISTS 1 FREELIST GROUPS 1 BUFFER_POOL DEFAULT FLASH_CACHE DEFAULT CELL_FLASH_CACHE DEFAULT)
  TABLESPACE "SYSTEM" ;
--------------------------------------------------------
--  DDL for Index ID_ITEM_PK
--------------------------------------------------------

  CREATE UNIQUE INDEX "SYSTEM"."ID_ITEM_PK" ON "SYSTEM"."ITEMS" ("ID_ITEM") 
  PCTFREE 10 INITRANS 2 MAXTRANS 255 COMPUTE STATISTICS 
  STORAGE(INITIAL 65536 NEXT 1048576 MINEXTENTS 1 MAXEXTENTS 2147483645
  PCTINCREASE 0 FREELISTS 1 FREELIST GROUPS 1 BUFFER_POOL DEFAULT FLASH_CACHE DEFAULT CELL_FLASH_CACHE DEFAULT)
  TABLESPACE "SYSTEM" ;
--------------------------------------------------------
--  DDL for Index ID_USER_PK
--------------------------------------------------------

  CREATE UNIQUE INDEX "SYSTEM"."ID_USER_PK" ON "SYSTEM"."USERS" ("ID_USER") 
  PCTFREE 10 INITRANS 2 MAXTRANS 255 COMPUTE STATISTICS 
  STORAGE(INITIAL 65536 NEXT 1048576 MINEXTENTS 1 MAXEXTENTS 2147483645
  PCTINCREASE 0 FREELISTS 1 FREELIST GROUPS 1 BUFFER_POOL DEFAULT FLASH_CACHE DEFAULT CELL_FLASH_CACHE DEFAULT)
  TABLESPACE "SYSTEM" ;
--------------------------------------------------------
--  DDL for Index ID_ACTION_PK
--------------------------------------------------------

  CREATE UNIQUE INDEX "SYSTEM"."ID_ACTION_PK" ON "SYSTEM"."USERSACTIONS" ("ID_ACTION") 
  PCTFREE 10 INITRANS 2 MAXTRANS 255 COMPUTE STATISTICS 
  STORAGE(INITIAL 65536 NEXT 1048576 MINEXTENTS 1 MAXEXTENTS 2147483645
  PCTINCREASE 0 FREELISTS 1 FREELIST GROUPS 1 BUFFER_POOL DEFAULT FLASH_CACHE DEFAULT CELL_FLASH_CACHE DEFAULT)
  TABLESPACE "SYSTEM" ;
--------------------------------------------------------
--  DDL for Index ID_TYPE_PK
--------------------------------------------------------

  CREATE UNIQUE INDEX "SYSTEM"."ID_TYPE_PK" ON "SYSTEM"."USERTYPES" ("ID_TYPE") 
  PCTFREE 10 INITRANS 2 MAXTRANS 255 COMPUTE STATISTICS 
  STORAGE(INITIAL 65536 NEXT 1048576 MINEXTENTS 1 MAXEXTENTS 2147483645
  PCTINCREASE 0 FREELISTS 1 FREELIST GROUPS 1 BUFFER_POOL DEFAULT FLASH_CACHE DEFAULT CELL_FLASH_CACHE DEFAULT)
  TABLESPACE "SYSTEM" ;
--------------------------------------------------------
--  Constraints for Table ITEMCATEGORY
--------------------------------------------------------

  ALTER TABLE "SYSTEM"."ITEMCATEGORY" ADD CONSTRAINT "ID_CATEGORY_PK" PRIMARY KEY ("ID_CATEGORY")
  USING INDEX PCTFREE 10 INITRANS 2 MAXTRANS 255 COMPUTE STATISTICS 
  STORAGE(INITIAL 65536 NEXT 1048576 MINEXTENTS 1 MAXEXTENTS 2147483645
  PCTINCREASE 0 FREELISTS 1 FREELIST GROUPS 1 BUFFER_POOL DEFAULT FLASH_CACHE DEFAULT CELL_FLASH_CACHE DEFAULT)
  TABLESPACE "SYSTEM"  ENABLE;
  ALTER TABLE "SYSTEM"."ITEMCATEGORY" MODIFY ("NAME" NOT NULL ENABLE);
  ALTER TABLE "SYSTEM"."ITEMCATEGORY" MODIFY ("ID_CATEGORY" NOT NULL ENABLE);
--------------------------------------------------------
--  Constraints for Table ITEMS
--------------------------------------------------------

  ALTER TABLE "SYSTEM"."ITEMS" ADD CONSTRAINT "ID_ITEM_PK" PRIMARY KEY ("ID_ITEM")
  USING INDEX PCTFREE 10 INITRANS 2 MAXTRANS 255 COMPUTE STATISTICS 
  STORAGE(INITIAL 65536 NEXT 1048576 MINEXTENTS 1 MAXEXTENTS 2147483645
  PCTINCREASE 0 FREELISTS 1 FREELIST GROUPS 1 BUFFER_POOL DEFAULT FLASH_CACHE DEFAULT CELL_FLASH_CACHE DEFAULT)
  TABLESPACE "SYSTEM"  ENABLE;
  ALTER TABLE "SYSTEM"."ITEMS" MODIFY ("ACTIVE" NOT NULL ENABLE);
  ALTER TABLE "SYSTEM"."ITEMS" MODIFY ("CHECKED" NOT NULL ENABLE);
  ALTER TABLE "SYSTEM"."ITEMS" MODIFY ("OWNER" NOT NULL ENABLE);
  ALTER TABLE "SYSTEM"."ITEMS" MODIFY ("INSTALLATION_DATE" NOT NULL ENABLE);
  ALTER TABLE "SYSTEM"."ITEMS" MODIFY ("ID_ITEM" NOT NULL ENABLE);
--------------------------------------------------------
--  Constraints for Table USERS
--------------------------------------------------------

  ALTER TABLE "SYSTEM"."USERS" ADD CONSTRAINT "ID_USER_PK" PRIMARY KEY ("ID_USER")
  USING INDEX PCTFREE 10 INITRANS 2 MAXTRANS 255 COMPUTE STATISTICS 
  STORAGE(INITIAL 65536 NEXT 1048576 MINEXTENTS 1 MAXEXTENTS 2147483645
  PCTINCREASE 0 FREELISTS 1 FREELIST GROUPS 1 BUFFER_POOL DEFAULT FLASH_CACHE DEFAULT CELL_FLASH_CACHE DEFAULT)
  TABLESPACE "SYSTEM"  ENABLE;
  ALTER TABLE "SYSTEM"."USERS" MODIFY ("ACTIVE" NOT NULL ENABLE);
  ALTER TABLE "SYSTEM"."USERS" MODIFY ("LOCKED" NOT NULL ENABLE);
  ALTER TABLE "SYSTEM"."USERS" MODIFY ("ACCOUNT" NOT NULL ENABLE);
  ALTER TABLE "SYSTEM"."USERS" MODIFY ("PASSWORD" NOT NULL ENABLE);
  ALTER TABLE "SYSTEM"."USERS" MODIFY ("LOGIN" NOT NULL ENABLE);
  ALTER TABLE "SYSTEM"."USERS" MODIFY ("USER_TYPES" NOT NULL ENABLE);
  ALTER TABLE "SYSTEM"."USERS" MODIFY ("ID_USER" NOT NULL ENABLE);
--------------------------------------------------------
--  Constraints for Table USERSACTIONS
--------------------------------------------------------

  ALTER TABLE "SYSTEM"."USERSACTIONS" ADD CONSTRAINT "ID_ACTION_PK" PRIMARY KEY ("ID_ACTION")
  USING INDEX PCTFREE 10 INITRANS 2 MAXTRANS 255 COMPUTE STATISTICS 
  STORAGE(INITIAL 65536 NEXT 1048576 MINEXTENTS 1 MAXEXTENTS 2147483645
  PCTINCREASE 0 FREELISTS 1 FREELIST GROUPS 1 BUFFER_POOL DEFAULT FLASH_CACHE DEFAULT CELL_FLASH_CACHE DEFAULT)
  TABLESPACE "SYSTEM"  ENABLE;
  ALTER TABLE "SYSTEM"."USERSACTIONS" MODIFY ("ACTION_DATE" NOT NULL ENABLE);
  ALTER TABLE "SYSTEM"."USERSACTIONS" MODIFY ("ITEM" NOT NULL ENABLE);
  ALTER TABLE "SYSTEM"."USERSACTIONS" MODIFY ("USER_ID" NOT NULL ENABLE);
  ALTER TABLE "SYSTEM"."USERSACTIONS" MODIFY ("ID_ACTION" NOT NULL ENABLE);
--------------------------------------------------------
--  Constraints for Table USERTYPES
--------------------------------------------------------

  ALTER TABLE "SYSTEM"."USERTYPES" ADD CONSTRAINT "ID_TYPE_PK" PRIMARY KEY ("ID_TYPE")
  USING INDEX PCTFREE 10 INITRANS 2 MAXTRANS 255 COMPUTE STATISTICS 
  STORAGE(INITIAL 65536 NEXT 1048576 MINEXTENTS 1 MAXEXTENTS 2147483645
  PCTINCREASE 0 FREELISTS 1 FREELIST GROUPS 1 BUFFER_POOL DEFAULT FLASH_CACHE DEFAULT CELL_FLASH_CACHE DEFAULT)
  TABLESPACE "SYSTEM"  ENABLE;
  ALTER TABLE "SYSTEM"."USERTYPES" MODIFY ("TYPE_NAME" NOT NULL ENABLE);
  ALTER TABLE "SYSTEM"."USERTYPES" MODIFY ("ID_TYPE" NOT NULL ENABLE);
--------------------------------------------------------
--  Ref Constraints for Table ITEMS
--------------------------------------------------------

  ALTER TABLE "SYSTEM"."ITEMS" ADD CONSTRAINT "FK_CATEGORY" FOREIGN KEY ("CATEGORY")
	  REFERENCES "SYSTEM"."ITEMCATEGORY" ("ID_CATEGORY") ENABLE;
  ALTER TABLE "SYSTEM"."ITEMS" ADD CONSTRAINT "FK_OWNER_USERS" FOREIGN KEY ("OWNER")
	  REFERENCES "SYSTEM"."USERS" ("ID_USER") ENABLE;
--------------------------------------------------------
--  Ref Constraints for Table USERS
--------------------------------------------------------

  ALTER TABLE "SYSTEM"."USERS" ADD CONSTRAINT "FK_TYPES" FOREIGN KEY ("USER_TYPES")
	  REFERENCES "SYSTEM"."USERTYPES" ("ID_TYPE") ENABLE;
--------------------------------------------------------
--  Ref Constraints for Table USERSACTIONS
--------------------------------------------------------

  ALTER TABLE "SYSTEM"."USERSACTIONS" ADD CONSTRAINT "FK_USERSACTIONS_ITEM" FOREIGN KEY ("ITEM")
	  REFERENCES "SYSTEM"."ITEMS" ("ID_ITEM") ENABLE;
  ALTER TABLE "SYSTEM"."USERSACTIONS" ADD CONSTRAINT "FK_USERSACTIONS_USER" FOREIGN KEY ("USER_ID")
	  REFERENCES "SYSTEM"."USERS" ("ID_USER") ENABLE;
